"zip","distance"
"56377","149.24"
"56763","156.28"
"55768","196.64"
"55303","167.76"
"58078","6.17"
"58102","2.66"
"56401","128.09"
"56573","59.25"
"58045","39.62"
"55744","154.63"
"55033","238.96"
"57430","87.53"
"56362","140.89"
"55946","255.52"
"68776","303.68"
"56515","63.77"
"58103","2.52"
"55362","178.2"
"58503","189.02"
"55334","201.21"
"55720","202.67"
"56425","122.79"
"58401","91.71"
"55304","200.45"
"56031","248.76"
"55446","201.1"
"54139","438.21"
"56701","90.74"
"55422","207.93"
"55378","219.02"
"56258","173.52"
"55355","160.87"
"1176",NA
"80304","635.17"
"56378","117.03"
"56623","160.35"
"58261","102.59"
"56001","229.64"
"55420","218.46"
"55413","212.26"
"57110","229.22"
"55443","203.3"
"55398","180.53"
"59457","596.35"
"56201","146.11"
"58545","230.44"
"58104","3.65"
"59635","715"
"59714","689.09"
"59602","718.55"
"83856","941.15"
"59868","786.28"
"55038","216.08"
"56560","0.64"
"55331","204.46"
"55433","202.22"
"59901","820.61"
"55371","175.95"
"56479","99.77"
"55057","240.29"
"822",NA
"56374","145.87"
"98370","1207.19"
"56273","136.7"
"58201","73.7"
"56329","158.35"
"57106","231.03"
"55024","232.16"
"55307","202.61"
"55110","217.99"
"55082","227.3"
"56542","68.53"
"55901","283.49"
"56243","154.63"
"55011","198.31"
"59030","680.05"
"56716","63.37"
"56520","41.9"
"55309","179.03"
"55112","215.51"
"59601","720.41"
"55032","200.82"
"55322","203.37"
"56320","147.88"
"59923","876.87"
"56594","23.72"
"16127","914.5"
"2090",NA
"56472","119.13"
"56282","147.87"
"55811","216.72"
"80301","632.44"
"59718","693.54"
"55306","222.65"
"56511","36.96"
"50266","393.27"
"58501","189.73"
"55902","286.1"
"55341","189.77"
"59019","601.76"
"65803","687.34"
"55014","209.93"
"55965","316.91"
"55053","248.29"
"59715","686.49"
"55441","205.27"
"85653","1257.42"
"55407","214.63"
"55123","224.95"
"55992","265.79"
"68144","390.04"
"55437","216.63"
"56537","51.75"
"54601","342.25"
"56484","103.15"
"55432","207.77"
"58047","10.18"
"55411","210.4"
"55129","227.33"
"55113","215.07"
"56529","3.12"
"58054","52.5"
"63012","670.27"
"56324","66.17"
"56547","8.81"
"55991","277.83"
"56278","107.98"
"55060","257.13"
"55302","196.6"
"55105","218.11"
"55051","178.78"
"4347","1309.23"
"55359","194.93"
"6612","1222.01"
"58554","194.95"
"56308","94.45"
"55448","201.96"
"56572","37.95"
"58075","41.36"
"58746","276.17"
"56326","78.23"
"58276","126.31"
"56379","152.83"
"59401","682"
"55305","212.88"
"56231","119.27"
"55447","203.14"
"58773","296.5"
"58012","21.32"
"55128","223.27"
"52101","345.16"
"55414","213.98"
"55328","189.52"
"77047","1193.89"
"55109","220.11"
"55412","208.95"
"92084","1426.3"
"55435","207.09"
"55108","215.59"
"59086","663.98"
"59254","389.8"
"55806","219.25"
"81005","719.2"
"59105","561.56"
"55016","232.62"
"56303","150.84"
"56534","42.82"
"55944","275.33"
"58801","332.18"
"92057","1428.23"
"48740","662.52"
"58203","75.06"
"55974","337.71"
"80525","600.8"
"55316","199.33"
"56265","141.52"
"55124","225.52"
"55347","210.08"
"60091","553.87"
"56315","83.28"
"56482","82.44"
"56540","51.9"
"56567","70.28"
"56528","51.5"
"56592","67.01"
"58071","41.14"
"56461","96.51"
"55327","195.14"
"97123","1251.34"
"63368",NA
"56647","115.48"
"56334","106.41"
"55436","211.85"
"56501","43.46"
"55125","228.02"
"55311","199.05"
"55122","222.81"
"56601","99.81"
"55337","221.24"
"56514","22.18"
"55438","215.04"
"55424","213.07"
"52246","442"
"55439","213"
"56470","80.65"
"55068","229.82"
"55442","203.16"
"55812","221.41"
"57103","229.79"
"58504","189.65"
"94541","1432.12"
"55391","202.96"
"58079","30.5"
"56209","152.17"
"56557","48.45"
"99603","2345.8"
"56751","140.9"
"98043","1191.54"
"56220","150.01"
"55343","209.1"
"55350","178.26"
"56058","215.84"
"57252","113.69"
"58368","182.78"
"40503","871.59"
"59759","734.6"
"55126","213.02"
"97477","1279.61"
"55369","200.43"
"58341","160.99"
"53818","418.12"
"56120","222.17"
"80439","660.01"
"92009","1434.35"
"59840","825.79"
"55042","225.67"
"54824","224.06"
"98532","1233.9"
"55426","209.4"
"55077","225.68"
"56093","248.62"
"56042","264.13"
"55614","260.61"
"75077","953.94"
"56453","90.31"
"55387","199.56"
"55073","218.01"
"58077","28.87"
"55356","200.28"
"58421","117.98"
"55346","208.79"
"54913","441.45"
"56571","66.18"
"55434","205.2"
"56554","32.32"
"55044","227.98"
"56082","221.13"
"55066","258.13"
"80601","623.85"
"55040","192.76"
"58701","231.24"
"55912","287.15"
"56284","154.44"
"97115","1256.54"
"54840","210.53"
"58601","284.04"
"54889","243.11"
"58440","124.62"
"56327","92.97"
"56332","85.15"
"58854","311.64"
"57006","176.95"
"56347","109.45"
"55379","211.78"
"926",NA
"35216","1064.84"
"56762","92.13"
"56354","89.8"
"56531","70.87"
"987",NA
"56221","93.4"
"33596",NA
"59701","750.71"
"59501","610.59"
"55404","213.32"
"57036","247.54"
"54724","280.99"
"54665","365.65"
"56466","111.06"
"55444","205.57"
"60641","559.04"
"59047","663.4"
"55063","194.35"
"60617","576.8"
"60619","573.39"
"55963","270.71"
"55344","210.94"
"56036","283.56"
"56438","104.95"
"56073","208.15"
"56686","158.48"
"58721","285.79"
"59538","526.64"
"55318","207.49"
"58750","247.18"
"58278","64.98"
"57071","175.72"
"58482","148.74"
"59803","813.18"
"59011","631.78"
"56229","164.47"
"55325","170.46"
"58060","52.92"
"56301","152.83"
"55709","162.1"
"56041","217.01"
"55953","297.16"
"55330","186.59"
"55045","213.6"
"55423","216.2"
"56216","155.97"
"57078","276.72"
"55805","220.59"
"59833","817.11"
"56003","227.8"
"59101","563.19"
"55345","206.93"
"55375","198.15"
"59034","523.52"
"58703","232.99"
"54005","242.27"
"55313","181.05"
"80631","595.69"
"55386","202.68"
"56510","32.3"
"98028","1188.95"
"27262","1143.69"
"55119","224.26"
"30342","1105.6"
"96817","3798.59"
"98004","1188.56"
"43221","831.78"
"55449","206.71"
"97304","1265.29"
"55970","300.52"
"31568","1349.54"
"55431","217.44"
"20194","1118.46"
"60048","535.8"
"64119","540.44"
"56304","158.47"
"59219","367.61"
"54016","233"
"60644","561.4"
"61801","632.81"
"80227","648.88"
"54022","242.43"
"25443","1079.97"
"66441","541.06"
"59102","567.55"
"55376","187.44"
"56131","214.1"
"56087","200.66"
"58237","111.59"
"56072","259.13"
"56368","145.11"
"56586","57.44"
"56007","276.3"
"56584","37.42"
"54835","276.26"
"56071","221.58"
"55009","247.11"
"80816","697.65"
"56544","50.17"
"57201","136.44"
"55329","148.65"
"58061","41.28"
"56352","125.37"
"55804","225.73"
"53215","506.64"
"55103","218.49"
"55021","244.61"
"55616","240.28"
"58052","27.08"
"55117","218.47"
"58448","68.68"
"56062","225.06"
"60449","582.14"
"55372","221.06"
"55723","200.17"
"80920","678.38"
"57035","217.69"
"59106","571.91"
"55976","293.24"
"56590","62.78"
"55127","215.34"
"55807","217.35"
"56518","77.35"
"56435","113.04"
"55076","226.85"
"86003","1109.84"
"55340","196.66"
"58041","54.9"
"56431","146.56"
"60115","521.36"
"55320","164.08"
"32807","1513.82"
"55425","218.94"
"55367","191.56"
"56360","102.49"
"56477","80.84"
"55810","213.48"
"98387","1202.32"
"56027","266.12"
"56721","74.57"
"38732","959.46"
"9034",NA
"59471","563.16"
"98466","1207.21"
"56468","120.06"
"43035","827.06"
"98110","1203.31"
"56549","20.97"
"53589","458"
"56570","72.79"
"59230","468.52"
"58356","124.67"
"917",NA
"934",NA
"55118","221.86"
"58202","74.33"
"55116","218.74"
"60625","559.62"
"30135","1105.09"
"59337","472.42"
"15666","976.03"
"59330","375.06"
"15143","933.93"
"56552","23.73"
"56726","130.94"
"56633","107.55"
"56678","90.35"
"58763","278.13"
"55008","191.26"
"55017","180.45"
"56524","66.76"
"58081","45"
"55746","184.03"
"56589","47.87"
"57501","244.04"
"54880","221.93"
"58722","238.21"
"58265","147.63"
"58267","71.04"
"58235","91.5"
"54806","279.1"
"59262","358.11"
"59919","810.1"
"59270","351.3"
"59864","814.76"
"59903","823.56"
"59911","809.27"
"59057","577.16"
"59053","650.17"
"56157","173.41"
"55711","193.11"
"56011","210.87"
"55374","192.27"
"54025","229.56"
"57105","230.71"
"53081","488.45"
"82435","594.87"
"54007","241.23"
"56288","141.46"
"30083","1116.03"
"55981","286.79"
"52301","419.11"
"56636","144.04"
"56055","226.27"
"80210","644.37"
"56253","158.65"
"55389","152.49"
"56251","147.82"
"56215","120.54"
"56358","174.31"
"56345","129.55"
"56364","140.82"
"56384","126.89"
"56310","139.84"
"55349","179.76"
"77095","1172.28"
"55419","214.89"
"56267","97.23"
"54476","370.97"
"53149","495.69"
"55704","191.9"
"55069","198.59"
"58059","13.79"
"55056","203.97"
"55020","229.21"
"56252","131.95"
"56467","92.37"
"56433","96.75"
"56551","76.91"
"55803","219.29"
"55731","238.79"
"56339","84.98"
"53916","451.31"
"55106","221.54"
"56367","146.11"
"55364","199.77"
"13676","1056.37"
"55092","208.82"
"59741","696.89"
"56473","121.94"
"59404","685.03"
"85254","1211.2"
"59427","732.62"
"55107","221.65"
"55954","334.98"
"60613","561.86"
"59405","680.72"
"59711","769.8"
"55319","164.37"
"60104","556.72"
"58058","49.28"
"55428","204.35"
"56465","125.73"
"55962","319.92"
"56649","195.76"
"55075","224.78"
"96707","3809.84"
"19079","1175.82"
"56464","84.84"
"60639","559.82"
"55735","186.35"
"56296","74.21"
"60643","573.48"
"55308","171.99"
"57760","352.91"
"58540","224.44"
"59871","817.92"
"56574","22.9"
"59758","707.37"
"60615","571.03"
"60443","579.48"
"55921","339.25"
"56732","119.03"
"60012","522.61"
"59808","812.83"
"53522","451.86"
"55130",NA
"57350","186.56"
"56013","257.42"
"56440","99.91"
"60636","569.68"
"80615","589.35"
"59215","417.49"
"56318","124.07"
"61080","484.9"
"55923","304.69"
"59323","474.07"
"59829","829.36"
"58072","58.62"
"59218","372.2"
"93101","1468.51"
"57703","367.25"
"54767","258.16"
"56662","135.15"
"59079","554.96"
"59604","718.27"
"55808","214.67"
"55388","192.91"
"60628","575.32"
"56359","157.18"
"60085","536.17"
"58639","285.99"
"53022","491.17"
"60620","571.71"
"60609","568.55"
"60428",NA
"56172","204.67"
"55354","189.24"
"53941","393.93"
"57469","161.03"
"80537","610.6"
"46321","586.34"
"55751","196.61"
"59421","702.2"
"55310","170.52"
"56728","132.22"
"56569","39.81"
"37343","1005.02"
"60632","566.5"
"56085","202.79"
"72476","802.96"
"59725","770.28"
"55427","207.09"
"58740","237.28"
"83352","902.09"
"56312","128.47"
"55792","204.05"
"56065","244.18"
"56331","128.58"
"80550","598.91"
"52001","422.97"
"54115","451.56"
"53140","528.26"
"60608","566.4"
"54871","234.8"
"57108","234.01"
"55445","201.96"
"55013","211.85"
"56375","143.65"
"60623","564.57"
"60120","533.99"
"56283","179.07"
"80829","688.72"
"53534","468.59"
"80866","685.53"
"56271","130.83"
"55906","285.05"
"57702","369.93"
"57437","155.94"
"80128","653.48"
"59301","431.26"
"57401","127.08"
"80465","656.36"
"57107","227.7"
"80435","683.14"
"55317","207.53"
"56442","128.56"
"59713","754.31"
"56385","112.95"
"58474","80.45"
"57220","164.39"
"80528","599.58"
"80447","645.61"
"80863","685.93"
"55115","221.03"
"80910","687.16"
"56141","209.01"
"56446","95.66"
"53029","485.46"
"59841","827.26"
"56737","114.96"
"80134","649.58"
"80109","657.09"
"60462","569.86"
"59634","719.75"
"80513","616.16"
"55324","164.67"
"54701","291.33"
"55381","182.9"
"55080","187.74"
"57301","226.07"
"55418","211.4"
"59873","870.28"
"55417","217.15"
"55353","157.23"
"56634","95.09"
"55025","211.31"
"54728","266.05"
"55301","186.41"
"55410","213.34"
"56241","153.42"
"58249","150.96"
"57104","228.32"
"57033","223.53"
"58076","41.72"
"54722","310.1"
"58064","44.49"
"55041","273.65"
"54656","351.66"
"59068","609.05"
"49855","444.29"
"48054","750.47"
"56144","208.48"
"56156","222.82"
"58458","80.45"
"58274","52.41"
"55104","217.48"
"45429","802.68"
"56307","134.38"
"53083","485.52"
"56239","167.52"
"56111","243.5"
"56580","7.95"
"56742","79.51"
"55390","182.7"
"56127","248.33"
"55382","163"
"56568","47.06"
"57042","197.84"
"56316","122.06"
"56016","271.63"
"7005",NA
"58048","34.97"
"62702","602.98"
"55910","301.33"
"86001","1115.27"
"92505","1401.35"
"80138","643.84"
"60140","522.46"
"37752","978.57"
"56152","195.79"
"96929","6788.41"
"50322","391.33"
"30075","1095.56"
"56222","147.76"
"55120","221.2"
"58472","87.2"
"58422","134.97"
"56519","24.9"
"60304","560.52"
"52302","418.94"
"60134","539.92"
"80016","642.96"
"56171","242.66"
"56149","181.27"
"55920","279.02"
"55429","205.9"
"56481","88.88"
"56474","113.29"
"58741","210.46"
"59860","814.28"
"63501","505.61"
"55385","184.04"
"55734","203.24"
"58467","119.85"
"58301","130.3"
"56671","104.86"
"56336","120.04"
"54166","418.51"
"78006","1188.1"
"58327","117.04"
"56373","137.73"
"58042","10.22"
"59802","812.45"
"30907","1198.84"
"77802","1118.97"
"55769","172.71"
"56097","261.06"
"46160","739.1"
"9128",NA
"89011","1192.9"
"55357","192.26"
"58318","218.09"
"7040",NA
"49931","386.44"
"22408","1145.09"
"72901","803.07"
"77581","1197.35"
"54481","382.96"
"50613","366.39"
"59450","658.4"
"56164","199.21"
"56289","129.88"
"55987","314.93"
"55951","310.54"
"58770","261.5"
"60175","535.51"
"30296","1121.91"
"13053","1045.85"
"98126","1196.86"
"59542","554.81"
"55026","267.88"
"55087","243.27"
"55121","222.72"
"91320","1447.78"
"58250","115.5"
"59932","818.13"
"98229","1192.1"
"58362","142.45"
"55406","215.68"
"75028","954.92"
"3827",NA
"58646","265.55"
"55089","251.44"
"58225","119.25"
"64057","551.53"
"19104","1176.89"
"55315","209.46"
"57332","228.77"
"57040","264.23"
"8234",NA
"58382","141.11"
"58321","120.57"
"58210","124.23"
"51003","270.08"
"12866","1148.53"
"56523","51.67"
"11218","1209.65"
"68136","394.43"
"56295","135.27"
"55030","189.81"
"59801","813.98"
"56187","230.79"
"56725","96.13"
"56750","74.03"
"56761","131.05"
"58433","98.58"
"56437","92.87"
"57212","173.43"
"54487","349.72"
"57043","238.6"
"75146","986.21"
"59201","419.5"
"47715","773.93"
"60477","574.28"
"55360","194.39"
"50401","309.84"
"57274","111.67"
"4079",NA
"55416","210.83"
"56353","167.08"
"60187","548.82"
"56381","104.45"
"55904","287.88"
"4071",NA
"55358","173.58"
"38058","866.23"
"98382","1226.36"
"66618","536.05"
"55037","191.06"
"55072","192.1"
"49802","420.5"
"54893","223.25"
"59804","821.19"
"60031","532.9"
"56387","151.66"
"57330","255.93"
"57375","242.52"
"98329","1214.02"
"55084","220.22"
"57029","244.84"
"31069","1208.47"
"55070","191.69"
"80903","687.5"
"55421","209.62"
"50263","390.34"
"55088","230.31"
"56212","118.62"
"56279","137.04"
"55721","150.17"
"80113","645.94"
"20901","1131.49"
"33759","1509.01"
"98501","1225.22"
"22153","1132.42"
"85258","1211.73"
"97068","1237.64"
"94544","1432.83"
"99669","2329.94"
"59528","644.76"
"95815","1367.59"
"55408","212.91"
"60025","550.29"
"48316","729.77"
"59041","590.74"
"60193","542.6"
"53207","509.38"
"52806","475.52"
"59022","517.52"
"59072","558.97"
"68649","372.88"
"56323","99.13"
"56713","101.49"
"56338","149.68"
"60202","557.34"
"736",NA
"10704","1205.94"
"59847","817.8"
"59412","664.35"
"58270","115.49"
"33069","1688.41"
"54729","291.77"
"9705",NA
"55430","207.37"
"59828","821.15"
"46224","717.2"
"56276","108.32"
"59625","721.95"
"54017","235.76"
"41017","817.85"
"56010","241.17"
"51027","269.3"
"36069","1158.43"
"56577","42.85"
"57745","387.11"
"55454","213.89"
"58046","52.71"
"80121","647.64"
"91360","1443.91"
"78260","1188.1"
"78726","1136.6"
"56714","140.08"
"57783","379.53"
"58051","18.85"
"53224","496.21"
"59820","834.89"
"80621","616.05"
"54742","299.15"
"55767","191.36"
"55927","271.58"
"59474","708.25"
"60629","568.01"
"80916","685.85"
"58405","91.23"
"98022","1166.78"
"49686","556.29"
"85755",NA
"56319","93.29"
"30311","1111.59"
"57005","226.36"
"60014","523.56"
"80130","650.29"
"32839","1515.19"
"60651","561.2"
"73025",NA
"59842","874.01"
"56382","119.86"
"98112","1192.31"
"98144","1192.93"
"98230","1205"
"54837","219.67"
"98047","1193.4"
"80915","683.08"
"56037","236.57"
"80919","682.85"
"20735","1146.38"
"97322","1270.39"
"59922","817.45"
"55001","232.9"
"56449","128.73"
"52403","421.95"
"80007","641.98"
"48843","693.58"
"96797","3803.07"
"58530","214.08"
"95621","1358.29"
"22031","1127.06"
"56630","123.09"
"80005","640.31"
"80751","536.47"
"53218","500.1"
"55071","228.47"
"56045","275.34"
"60502",NA
"58027","43.02"
"60302","559.47"
"56655","123.42"
"55079","207.08"
"53206","504.05"
"56361","83.88"
"58240","62.71"
"56115","186.54"
"58544","168.51"
"57197","230.69"
"92377","1387.09"
"56650","130.61"
"14467","969.34"
"59015","578.34"
"56455","134.6"
"10017","1206.24"
"59327","472.26"
"4103",NA
"56757","110.9"
"56563","0.47"
"56170","188.33"
"60090","543.26"
"10573","1211.49"
"56256","130.72"
"55722","159.69"
"58575","198.84"
"58105","3.61"
"59044","577.86"
"54864","234.85"
"56218","144.14"
"56219","83.77"
"34239","1555.87"
"65340","564.37"
"60827","577.28"
"55336","191.5"
"90066","1436.01"
"92154","1451.3"
"87112","956.47"
"68137","391.88"
"22213","1129.61"
"58428","141.75"
"92624","1431.57"
"30096","1105.66"
"1085",NA
"46307","598.13"
"58223","48.06"
"68506","419.5"
"44287","835.1"
"56232","137.28"
"80223","644.42"
"79119","857.28"
"53142","526.44"
"58781","217.85"
"98106","1195.91"
"56562","0"
"33025","1699.89"
"10703","1203.94"
"55384","200.96"
"28036","1135.71"
"67213","635.52"
"33150","1710.43"
"53037","485.01"
"59917","856.18"
"99518","2289.42"
"54020","221.82"
"68925","451.27"
"85045","1234.02"
"56074","217.6"
"92780","1424.2"
"55706","232.56"
"56293","184.97"
"59065","672.16"
"53954","428.91"
"56545","44.03"
"53208","503.75"
"58843","320.96"
"68340","466.85"
"56048","240.47"
"31206","1190.34"
"55102","220.01"
"56621","78.6"
"10701","1204.48"
"54891","277.72"
"60013","527.48"
"60458","564.56"
"55718","203.09"
"54627","324.04"
"54452","358.08"
"98178","1191.53"
"57007","176.5"
"59420","668.37"
"57701","366.47"
"58220","138.19"
"58257","51.14"
"64744","636.24"
"51249","243.91"
"55405","211.15"
"80841","678.71"
"21409","NA"
"11704","1235.61"
"48169","698.47"
"22182","1123.96"
"81122","861.72"
"55409","213.85"
"48048","739.07"
"33054","1704.91"
"57769","368.24"
"58036","20.46"
"99645","2264.95"
"55352","213.55"
"33312","1696.46"
"98107","1196.17"
"77479","1195.11"
"33543","1506.24"
"85266","1217.36"
"98166","1196.58"
"99507","2287.65"
"85203","1215.87"
"56342","162.06"
"54011","253.1"
"57249","175.17"
"2139","NA"
"60007","546.2"
"95831","1375.85"
"58005","20.24"
"55370","194.88"
"56676","98.93"
"38116","888.45"
"38141","892.45"
"38109","886.58"
"93436","1488.49"
"8822","NA"
"48034","726.32"
"34480","1457.55"
"56176","236.07"
"55934","295.31"
"30016","1138.97"
"56343","86.71"
"56502","43.54"
"56556","67.46"
"92101","1449.53"
"81101","797.16"
"98168","1193.74"
"54026","233.21"
"51301","268.62"
"30066","1092.25"
"58241","130.96"
"58006","26.5"
"58480","70.1"
"18911","1159.95"
"54768","309.03"
"58366","189.72"
"56550","27.52"
"56441","135.48"
"56180","191.01"
"80911","688.9"
"11552","1223.21"
"54848","287.68"
"57325","244.96"
"35749","979.92"
"33178","1706.1"
"36605","1212.66"
"27523","1202.82"
"42001","793.71"
"32952","1545.62"
"82001","560.68"
"48221","734.16"
"76117","971.2"
"1824","NA"
"98102","1193.65"
"60586","NA"
"58106","2.9"
"54843","258.8"
"54614","347.3"
"80111","645.33"
"44118","837.32"
"77450","1183.02"
"78602","1157.23"
"56081","224.13"
"55960","277.78"
"59937","823.37"
"50069","391.69"
"58324","159.46"
"64063","561.81"
"53051","493.66"
"10473","1209.37"
"52057","398.8"
"45240","807.5"
"94542","1430.94"
"32778","1486.44"
"40272","820.84"
"68901","440.85"
"46616","629.19"
"92694","1426.98"
"92557","1390.57"
"56340","135.79"
"55604","306.37"
"53018","485.07"
"58521","188.13"
"2126","NA"
"9012","NA"
"60153","558.03"
"55321","174.49"
"53575","451.08"
"50701","371.67"
"36728","1124.62"
"54660","362.44"
"19709","1172.19"
"20723","1133.38"
"54401","365.67"
"44622","877.36"
"80218","641.43"
"78059","1225.7"
"60480","564.03"
"58040","61.26"
"85331","1199.57"
"98327","1213.57"
"54853","223.53"
"59353","350.07"
"68845","437.82"
"56136","163.7"
"68736","286.48"
"53716","448.29"
"77382","1151.61"
"38139","889.96"
"33161","1708.69"
"56150","233.54"
"56039","248.02"
"53181","513.7"
"58762","233.68"
"95828","1370.2"
"95712","1325.17"
"57385","205.37"
"56118","220.27"
"58367","191.22"
"53209","501.47"
"48166","744.06"
"52405","418.83"
"89074","1201.78"
"59038","498.04"
"51039","303.91"
"5457","NA"
"68526","423.09"
"59422","722.29"
"10520","1195.22"
"53225","498.02"
"92707","1427.46"
"80526","602.6"
"55363","184.7"
"98023","1198.38"
"98660","1234.36"
"56646","83.45"
"56652","84.27"
"59644","698.73"
"55332","187.32"
"58790","211.28"
"58640","283.63"
"93551","1397.04"
"52577","435.37"
"46635","630.33"
"27526","1210.63"
"68123","398.59"
"20706","1140.42"
"56110","226.62"
"38701","976.94"
"56733","122.72"
"56101","221.43"
"57451","145.86"
"56735","141.56"
"57445","116.55"
"64138","556.95"
"74361","733.21"
"89110","1194.69"
"38018","887.14"
"56760","96"
"56357","162.33"
"29360","1146.9"
"63033","646.17"
"55373","190.01"
"57058","218.67"
"58552","169.56"
"92345","1372.34"
"10603","1205.67"
"69361","484.23"
"54001","236.82"
"49780","579.45"
"56535","65.96"
"90630","1428.72"
"58251","82.79"
"57004","261.69"
"15681","967.3"
"53221","508.55"
"56088","237.97"
"68527","415.84"
"58492","82.6"
"59443","706.18"
"53212","505.31"
"56754","81.68"
"46077","708.99"
"60558","559.53"
"55395","184.88"
"19146","1178.53"
"56237","168.1"
"56723","64.74"
"55046","231.61"
"80015","641.69"
"38112","882.07"
"11530","1222.34"
"98118","1192.17"
"98104","1194.08"
"19355","1158.73"
"55955","273.58"
"56443","113.91"
"55052","242.59"
"56223","150.1"
"85361","1222.9"
"59263","422.61"
"56311","79.11"
"56069","227.09"
"98406","1205.59"
"98011","1186.62"
"99019","950.83"
"72450","812.73"
"59313","357.57"
"1545","NA"
"18346","1128.14"
"68730","286.85"
"80021","637.64"
"53045","495.32"
"34654","1491.54"
"57730","394.4"
"55342","176.45"
"11550","1224.27"
"10466","1207.62"
"37015","883.98"
"50317","396.51"
"91362","1442.98"
"10550","1207.37"
"68025","374.58"
"75068","941.87"
"11412","1217.87"
"10453","1205.64"
"59036","619.37"
"85048","1230.2"
"85743","1259.55"
"7028","NA"
"58645","314.72"
"10467","1206.6"
"53066","480.24"
"36603","1209.22"
"59523","590.42"
"85748","1252.62"
"56264","163.16"
"20152","1113.6"
"46701","676.02"
"58219","41.2"
"56143","239.74"
"1583","NA"
"53546","477.99"
"85284","1225.62"
"95337","1389.57"
"13207","1037.67"
"57331","242.24"
"59526","573.44"
"59088","545.89"
"28274","1152.49"
"57025","288.44"
"97520","1309.03"
"1821","NA"
"16415","877.79"
"53719","442.41"
"58795","322.14"
"55019","239.73"
"54006","213.14"
"38115","890.46"
"80403","644.56"
"56244","105.2"
"51360","250.78"
"85382","1219.42"
"59865","811.49"
"53216","501.66"
"37212","900.73"
"27522","1188.31"
"58418","143.26"
"49505","605.17"
"59037","551.69"
"83837","906.79"
"32907","1565.18"
"89081","1194"
"56566","59.87"
"94805","1432.52"
"59349","403.8"
"98203","1186.99"
"13308","1056.19"
"93546","1295.23"
"97303","1261.43"
"56521","37.68"
"58043","73.64"
"55101","219.76"
"93021","1441.1"
"35243","1064.58"
"92260","1367.35"
"50036","360.5"
"53189","494.2"
"3777","NA"
"98021","1187.53"
"52803","478.83"
"10456","1206.7"
"95126","1438.69"
"54469","375.36"
"60068","554.59"
"33027","1698.25"
"54904","440.33"
"81008","711.26"
"50436","291.26"
"44314","854.02"
"54004","243.99"
"59027","688.35"
"55065","242.22"
"55607","257.19"
"54858","223.35"
"54235","472.26"
"81413","785.94"
"80204","642.89"
"54914","440.13"
"81058","704.07"
"53126","514.65"
"58316","189.39"
"80102","623.99"
"59522","668.79"
"61109","496.66"
"60621","570.6"
"53074","493.34"
"54703","289.64"
"81647","739.48"
"54902","438.93"
"58004","25.4"
"58425","75.27"
"92869","1420.5"
"54801","233.29"
"54106","433.41"
"95361","1371.88"
"55006","188.46"
"54829","244.55"
"98136","1197.49"
"33458","1647.05"
"17325","1088.2"
"32954","1548.07"
"52804","476.44"
"61856","625.14"
"56546","17.28"
"37067","912.71"
"92646","1433.56"
"21044","1129.39"
"99654","2274.52"
"55779","203.72"
"90034","1433.17"
"60047","535.63"
"50014","367.36"
"6066","NA"
"57022","209.69"
"10029","1206.14"
"93638","1367.72"
"37075","895.77"
"56240","90.73"
"33126","1712.58"
"60440","557.35"
"75013","949.35"
"48198","721.11"
"60637","571.95"
"45056","789.07"
"11212","1211.86"
"57013","245.87"
"49341","606.6"
"10928","1186.86"
"30032","1117.09"
"95032","1443.64"
"51031","282.94"
"55707","197.55"
"10468","1205.97"
"57601","197.62"
"94025","1444.43"
"6517","NA"
"60060","534.39"
"58258","84.51"
"55055","227.32"
"85012","1220.75"
"36701","1121.94"
"54208","463.16"
"56226","114.92"
"09128","6532.99"
"89014","1199.78"
"96612","6532.99"
"98001","1193.75"
"54482","NA"
"8081","NA"
"58652","262.25"
"60411","584.51"
"82716","459.14"
"33309","1690.95"
"98108","1193.92"
"98103","1194.17"
"56744","95.3"
"58352","155.74"
"58346","156.85"
"91913","1446.55"
"63117","654.95"
"39730","997.03"
"83669","979.96"
"91344","1425.13"
"36606","1209.46"
"60517","556.19"
"11722","1240.86"
"86327","1170.85"
"78827","1281.17"
"54403","368.22"
"1201","NA"
"55005","195.1"
"55047","222.76"
"80720","569.85"
"56452","107.19"
"56017","225.27"
"55943","330.61"
"56249","116.13"
"80723","570.59"
"60653","569.86"
"55975","305.22"
"56248","78.67"
"60409","581.55"
"58108","1.91"
"55972","303.03"
"56281","152.51"
"60652","569.4"
"55733","208.42"
"55085","237.26"
"97013","1241.1"
"74133","747.93"
"59468","690.72"
"30388","1118.54"
"98116","1197.56"
"924","NA"
"55726","183.13"
"60585","NA"
"66085","566.86"
"84098","848.42"
"54619","360.82"
"11758","1232.35"
"55012","214.26"
"33317","1692.92"
"56175","189.75"
"85044","1229.04"
"51041","268.82"
"99835","1756.15"
"29316","1118.79"
"56587","47.76"
"56260","148.89"
"85207","1209.88"
"68523","423.09"
"30916","1207.1"
"55027","263.47"
"54457","382.96"
"48224","743.98"
"48236","745.43"
"80443","686.64"
"28301","1233.42"
"56644","90.77"
"97007","1246.8"
"86314","1169.96"
"10460","1207.69"
"80917","681.91"
"57014","257.25"
"2025","NA"
"56330","161.52"
"57263","121.77"
"46526","651.02"
"80004","641.96"
"84037","853.77"
"54751","270"
"37804","1011.42"
"58207","78.03"
"54658","348.33"
"46540","652.64"
"80228","649.31"
"75070","945.51"
"53901","421.98"
"85259","1207.19"
"51104","300.3"
"56688","143.89"
"78723","1144.19"
"60640","560.89"
"94044","1453.17"
"51503","389.45"
"50122","357.8"
"48649","663.66"
"58621","341.49"
"56159","220.55"
"56727","117.28"
"56585","28.07"
"59752","705.21"
"97838","1071.98"
"37879","987.15"
"53705","442.07"
"58330","135.13"
"56576","60.95"
"76904","1084.44"
"59486","726.97"
"56724","116.15"
"66061","559.12"
"55114","215.77"
"80534","606.42"
"87544","903.42"
"55054","228.11"
"34233","1558.85"
"59912","816.04"
"58243","119.69"
"58317","171.87"
"60439","562.26"
"23452","1262.58"
"39148","1082.51"
"93611","1357.8"
"57353","180.24"
"57101","225.22"
"57034","258.16"
"57069","281.94"
"55397","198.7"
"55043","232.74"
"87107","957.8"
"23233","1163.58"
"92019","1436.54"
"92020","1438.17"
"19151","1173.84"
"48154","725.19"
"98404","1201.59"
"48178","710.85"
"78572","1427.92"
"83843","952.42"
"15066","921.11"
"10801","1209.54"
"37404","1011.05"
"37411","1012.28"
"98133","1193.78"
"56475","120.1"
"56321","144.99"
"48438","702.41"
"48075","729.66"
"92014","1437.69"
"10901","1187.75"
"52241","440"
"60638","565.3"
"63136","649.67"
"34109","1642.87"
"63366","632.31"
"54971","436.82"
"56051","273.26"
"59417","763.87"
"85032","1212.71"
"56355","97.61"
"92596","1399.76"
"50677","354.5"
"92629","1432.17"
"57532","246.11"
"30127","1095.66"
"50165","449.6"
"92064","1431.26"
"13205","1038.86"
"51632","431.65"
"77082","1185.15"
"92592","1403.26"
"3104","NA"
"52641","482.36"
"95123","1438.08"
"96367","6532.99"
"56285","158.64"
"78237","1208.05"
"68127","392.3"
"11787","1238.16"
"38063","854.02"
"80520","619.77"
"58032","66.68"
"48228","733.97"
"68135","391.56"
"54313","446.56"
"9114","NA"
"55818","NA"
"77459","1198.87"
"60610","565.36"
"13740","1123.95"
"92688","1419.29"
"11580","1220.89"
"1550","NA"
"7032","NA"
"46040","726.98"
"29615","1116.77"
"53144","523.71"
"56673","149.75"
"30363","NA"
"53597","437.91"
"84647","894.31"
"48085","729.98"
"36756","1101.59"
"57030","217.7"
"57238","135.21"
"92392","1369.03"
"84081","NA"
"55971","322.13"
"97753","1181.16"
"54915","440.9"
"57362","193.83"
"56173","230.51"
"85715","1250.84"
"61032","470.88"
"57754","380.01"
"28815","1070.32"
"7501","NA"
"52033","422.81"
"55007","196.11"
"39114","1091.42"
"55338","205.84"
"48067","732.49"
"92102","1447.89"
"10705","1204.6"
"6907","NA"
"80126","651.48"
"54901","443.99"
"48035","740.68"
"54302","453.95"
"6518","NA"
"94505","NA"
"97005","1242.86"
"95503","1420.2"
"50111","386.62"
"46226","723.28"
"78834","1277.09"
"35022","1065.47"
"30044","1112.21"
"6443","NA"
"57580","284.07"
"23602","1231.78"
"93720","1361.91"
"51106","304.08"
"82604","546.57"
"53706","444.11"
"91950","1449.46"
"60540","551.87"
"91910","1448.75"
"80758","544.7"
"57790","331.04"
"91977","1442.96"
"68157","393.91"
"68154","388.09"
"53154","512.71"
"57015","241.42"
"80906","690.02"
"81001","712.34"
"80239","633.94"
"86301","1177.07"
"54650","338.43"
"99021","960.1"
"60022","549.9"
"10471","1204.5"
"60805","570.79"
"90805","1432.38"
"89030","1195.69"
"56280","154.08"
"53128","511.4"
"56277","167.63"
"56262","127.96"
"83869","939.1"
"80127","657.86"
"30039","1120.88"
"87120","959.17"
"80241","630.52"
"38125","893.63"
"56758","110.84"
"54409","383.86"
"78154","1195.59"
"56349","99.59"
"93110","1470.07"
"99516","2285.94"
"56444","138.1"
"33319","1689.5"
"80027","634.07"
"80014","640.8"
"68134","385.77"
"75241","980.92"
"48322","719.95"
"57039","242.42"
"71303","1098.04"
"73162","780.38"
"10463","1205.02"
"56151","199.56"
"60516","557.09"
"50672","357.12"
"11215","1208.39"
"50670","352.34"
"83814","936.78"
"43016","825.74"
"58038","27.09"
"58256","88.38"
"58775","237.31"
"97219","1238.42"
"58506","182.45"
"82401","575.79"
"67502","607.69"
"98065","1171.52"
"57020","221.07"
"58765","321.21"
"58018","28.41"
"97224","1243.48"
"53217","502.03"
"54406","396.64"
"59469","654.47"
"21842","1241.76"
"73503","847.51"
"56536","18.11"
"58456","110.75"
"56123","205.19"
"58577","202.61"
"68124","389.95"
"83709","973.6"
"91203","1421.84"
"19460","1155.87"
"83716","967.65"
"3046","NA"
"56314","137.42"
"9470","NA"
"56078","244.39"
"50441","333.34"
"55712","203.87"
"85929","1116.15"
"99623","NA"
"56722","81.98"
"84003","872.05"
"59070","601.52"
"60084","529.5"
"54747","310.44"
"58494","169.16"
"55710","199.99"
"60559","556.93"
"37129","926.85"
"58788","198.27"
"51534","404.72"
"54454","366.33"
"09603","6532.99"
"68520","418.99"
"92027","1423.55"
"93225","1421.32"
"77071","1190.64"
"58069","59.74"
"92058","1431.09"
"85301","1223.24"
"59935","893.11"
"85267","1209.17"
"56024","232.61"
"57032","237.21"
"97006","1244.99"
"48864","668.46"
"56309","69.59"
"57656","228.72"
"57633","245.24"
"95033","1444.14"
"89149","1199.39"
"1005","NA"
"85201","1217.67"
"56325","124.93"
"9112","NA"
"48183","741.45"
"63031","643.79"
"93555","1328.35"
"98040","1189.8"
"56533","44.48"
"58756","249.84"
"77503","1188.74"
"56225","98.21"
"21046","1132.3"
"72212","863.52"
"95118","1439.94"
"58495","138.98"
"85202","1221.29"
"62298","677.12"
"1890","NA"
"9752","NA"
"58345","126.12"
"76001","983.55"
"46545","633.84"
"55967","293.69"
"76248","962.32"
"56096","239.2"
"80003","639.4"
"53188","492.49"
"56578","55.14"
"99511","2288.65"
"85383","1218.9"
"50501","326.45"
"6410","NA"
"99224","975.97"
"50265","393.66"
"58218","53.5"
"85381","1221.07"
"56579","35.53"
"58431","83.82"
"6068","NA"
"78542","NA"
"96326","6532.99"
"97212","1234.1"
"98926","1116.89"
"92584","1402.25"
"44805","828.11"
"58844","359.52"
"91942","1440.67"
"92672","1431.19"
"56119","227.58"
"80104","656.98"
"94555","1434.4"
"61075","440.56"
"62056","639.94"
"11691","1220.89"
"95655","1362.41"
"90746","1435.52"
"9096","NA"
"68733","316.27"
"56734","137.19"
"85086","1203.59"
"54736","278.02"
"53205","504.82"
"97417","1317.86"
"71270","1012.95"
"23692","1232.06"
"9603","NA"
"13485","1083.4"
"53403","524.03"
"54449","351.88"
"54911","441.88"
"55748","150.29"
"55753","176.95"
"56369","150.68"
"56376","137.65"
"56543","46.86"
"56619","98"
"56628","156.07"
"57216","109.37"
"58653","306.48"
"58727","312.38"
"60010","532.66"
"60545","541.99"
"72830","805.16"
"79936","1155.96"
"80924","NA"
"81401","807.55"
"85286","NA"
"53151","501.02"
"55775","172.29"
"81201","741.2"
"57028","194.7"
"54024","221.48"
"8094","NA"
"48195","739.35"
"1257","NA"
"18634","1098.3"
"44094","838.43"
"98422","1199.96"
"85308","1216.51"
"59870","817.57"
"99362","1023.99"
"58016","46.19"
"63123","659.86"
"84040","849.35"
"50315","398.79"
"92881","1406.52"
"30290","1122.77"
"33433","1681.4"
"98024","1174.79"
"15071","937.49"
"56683","112.05"
"95008","1442.02"
"83687","984.71"
"96310","6532.99"
"10469","1208.12"
"57246","126.83"
"63015","657.82"
"85225","1223.73"
"97294","1227.55"
"80226","646.48"
"54169","451.07"
"80129","653.14"
"55947","337.15"
"60626","559.36"
"71909","864.39"
"96778","3746.8"
"33028","1696.07"
"51231","263.48"
"10960","1197.14"
"10457","1206.37"
"10567","1194.11"
"37122","904.35"
"54534","312.68"
"57260","68.05"
"58497","79.42"
"68710","307.16"
"54568","344.47"
"46222","719.45"
"96818","3801.23"
"54956","440.76"
"76501","1088.22"
"28092","1122.71"
"58348","149.81"
"61752","601.25"
"97045","1233.9"
"53170","515.6"
"69343","386.15"
"51239","255.3"
"55983","261.03"
"63069","652.84"
"83854","944.33"
"78613","1131.62"
"83713","972.81"
"22193","1131.55"
"80031","636.69"
"58351","143.14"
"23664","1244.39"
"77536","1188.54"
"98012","1186.65"
"96744","3792.58"
"16412","887.09"
"54501","360.77"
"56128","208.72"
"53118","485.39"
"55656","NA"
"80234","633.27"
"60131","554.36"
"30926","NA"
"56386","164.88"
"56434","90.61"
"55939","324.77"
"55932","288.98"
"68164","385.77"
"98439","1207.71"
"63129","664.96"
"97333","1283.57"
"96921","6797"
"97471","NA"
"94043","1442.5"
"2739","NA"
"72921","796.34"
"80538","608.12"
"55964","289.83"
"54494","376.69"
"56684","77.4"
"80487","668.65"
"53095","482.16"
"16335","894.93"
"54748","291.71"
"56044","212.18"
"80232","647.51"
"57472","182.04"
"57268","158.11"
"80230","639.45"
"54873","237.17"
"85747","1261.45"
"81501","800.12"
"80249","632.21"
"80918","681.35"
"84328","829.04"
"98155","1191.59"
"71055","1000.54"
"48612","632.47"
"80923","NA"
"52333","434.74"
"35806","986.28"
"80211","640.94"
"57279","100.1"
"95365","1368.48"
"01810","1282.36"
"53532","440.25"
"53933","444.26"
"20020","1139.2"
"58068","38.27"
"58441","89.49"
"56561","4.96"
"56637","148.82"
"31807","1167.12"
"80022","633.57"
"75149","973.07"
"32168","1495.79"
"58649","297.72"
"97478","1274.18"
"36311","1205.23"
"73443","876.38"
"85706","1263.24"
"18104","1139.5"
"38023","861.8"
"56653","185.04"
"80010","637.94"
"29210","1204.43"
"58847","294.87"
"43026","828.25"
"32136","1466.07"
"85224","1225.03"
"27615","1201.58"
"57017","198.76"
"29203","1205.67"
"27502","1203.05"
"90245","1438.52"
"18015","1147.01"
"52245","442.71"
"08822","1173.4"
"49707","648.57"
"68102","388.99"
"20124","1124.48"
"60504","548.66"
"75212","972.22"
"80620","597.42"
"80503","625.29"
"87401","911.43"
"58007","39.98"
"14850","1037.74"
"31972","NA"
"98019","1170.93"
"59716","701.81"
"82717","453.67"
"39047","1068.95"
"93314","1405.19"
"60152","511.73"
"60453","569.12"
"58074","40.8"
"98117","1195.89"
"67037","642.99"
"67401","556.31"
"60016","548.75"
"82718","459.55"
"57223","148.04"
"52327","451.23"
"45344","796.8"
"85003","1224.44"
"60093","551.63"
"56756","147.82"
"53223","498.43"
"81007","715.13"
"57474","130.87"
"57063","273.65"
"80921","675.05"
"53555","427.17"
"80238","641.66"
"34031","6532.99"
"31210","1183.55"
"80132","673.1"
"98934","1111.36"
"64155","535.47"
"54311","456.22"
"56350","171.84"
"58464","96.52"
"58222","126.15"
"59211","378.13"
"58008","42.74"
"58638","248.63"
"56178","181.28"
"55940","279.42"
"73099","786.41"
"60099","532.48"
"91768","1405.87"
"54136","444.47"
"56028","234.15"
"58476","108.47"
"98604","1224.67"
"60448","572.48"
"54758","310.26"
"78261","1187.83"
"57012","227.01"
"59832","774.74"
"85306","1218.73"
"55797","209.44"
"57355","241.44"
"57259","127.86"
"68048","406.33"
"64507","500.88"
"54854","241.1"
"55702","196.46"
"56522","53.69"
"80442","657.84"
"57438","169.46"
"29678","1104.93"
"56266","190.86"
"59221","347.4"
"88011","1132.23"
"63038","649.67"
"60465","566.87"
"92109","1448.77"
"49643","550.57"
"20743","1141.46"
"55705","216.26"
"92704","1428.21"
"60406","574.81"
"90510","1440.14"
"25868","1008.41"
"75044","959.48"
"47393","757.72"
"841","NA"
"60655","571.92"
"38114","884.81"
"94949","1438.08"
"56548","33.88"
"78373","1314.56"
"38930","983.87"
"07112","1196.56"
"58063","48.15"
"95608","1361.64"
"30274","1123.67"
"98045","1168.87"
"51103","301.19"
"38134","882.14"
"53186","494.8"
"58736","183.97"
"37069","906.45"
"80012","639.21"
"4500","NA"
"49088","644.04"
"10036","1205.17"
"92118","1451.94"
"1000","NA"
"79400","NA"
"30102","1085.35"
"99223","963.98"
"60033","504.21"
"187-0","NA"
"60503","NA"
"85353","1233.37"
"92307","1360.37"
"58642","277.29"
"58056","55.3"
"85375","1222.12"
"85083","NA"
"8870","NA"
"55741","209.41"
"78737","1151"
"19711","1161.86"
"98052","1184"
"85249","1226.48"
"95286","NA"
"85205","1213.01"
"85226","1227.27"
"56274","73.6"
"85338","1235.99"
"68147","394.59"
"69009","NA"
"55952","309.42"
"88001","1133.87"
"81601","733.5"
"85298","NA"
"70000","NA"
"52404","421.5"
"54750","267.06"
"83605","991.66"
"56009","269.55"
"93711","1367.23"
"48461","706.46"
"93950","1467.4"
"19073","1166.47"
"50450","284.96"
"37027","908.76"
"80516","625.69"
"3110","NA"
"94579","1434.61"
"91911","1451.13"
"94577","1433.87"
"85374","1224.05"
"98284","1181.29"
"3525","NA"
"75067","953.69"
"91384","1422.08"
"14462","972.89"
"67205","630.28"
"56208","120.12"
"92129","1435.25"
"85340","1232.25"
"44600","NA"
"20607","1144.74"
"90037","1429.97"
"92376","1387.51"
"96819","3799.22"
"49913","391.76"
"85295","NA"
"83263","805.46"
"54723","260.36"
"8527","NA"
"80136","620.37"
"17901","1106.21"
"4005","NA"
"66018","552.42"
"10461","1209.16"
"85339","1234.3"
"55750","221.61"
"96271","6532.99"
"74380","NA"
"8742","NA"
"95377","1402.07"
"30628","1132.68"
"91354","1419.11"
"85251","1216.91"
"89521","1262.48"
"85204","1217.62"
"85234","1218.61"
"54467","386.31"
"7111","NA"
"61738","572.05"
"54082","228.36"
"40409","908.06"
"93305","1393.21"
"46350","613.58"
"58329","203.76"
"10000","NA"
"54002","248.62"
"48051","740.86"
"89815","1031.74"
"98375","1198.82"
"58436","102.62"
"56270","177.61"
"53191","499.98"
"57752","354.63"
"72120","859.29"
"95301","1379.43"
"91321","1421.24"
"49201","686.24"
"54937","453.67"
"58523","237.49"
"29681","1125.46"
"79924","1152.33"
"89436","1250.49"
"54629","308.69"
"87015","951.3"
"6520","NA"
"59243","378.16"
"57225","144.53"
"56668","199.31"
"68116","385.94"
"80603","618.48"
"57555","311.39"
"63","NA"
"82801","511.05"
"91120","NA"
"53502","457.98"
"53538","473.06"
"53039","460.31"
"58580","244.82"
"93455","1477.64"
"73051","818.49"
"57255","68.47"
"59735","720.44"
"55756","195.73"
"58011","34.62"
"58561","144.49"
"38668","916.67"
"83402","780.85"
"80112","646.73"
"15068","951.92"
"58282","151.82"
"54730","274.01"
"22307","1139.27"
"57763","405.16"
"57003","214.98"
"57719","359.52"
"54141","447.27"
"72715","728.82"
"55018","246.96"
"58033","61.09"
"50022","387.05"
"75074","955.14"
"29464","1315.14"
"54165","439.32"
"55784","169.07"
"58566","196.37"
"58718","260.5"
"58602","284.09"
"91367","1435.06"
"19901","1191.83"
"68731","307.84"
"54856","269.51"
"96816","3798.29"
"52002","420.98"
"51250","262.83"
"55314","179.21"
"98682","1226.15"
"59001","612.25"
"74464","761.65"
"60450","560.82"
"80108","656.9"
"62088","646.13"
"54426","353.94"
"59008","607.29"
"80907","684.47"
"5452","NA"
"81631","709.44"
"37309","1006.4"
"55793","177.12"
"20169","1108.8"
"45150","823.33"
"66801","584.41"
"55606","325.67"
"98125","1192.03"
"55790","216.16"
"55368","198.61"
"56328","123.4"
"85037","1228.23"
"80530","620.24"
"32309","1311.8"
"60045","541.6"
"56257","134.51"
"57077","243.98"
"54101","443.05"
"59521","616.04"
"59066","571.06"
"38106","883.22"
"50525","321.63"
"1863","NA"
"59485","694.15"
"73949","759.76"
"50327","395.45"
"92562","1412.56"
"85310","1213.5"
"60646","556.48"
"61114","493.73"
"29154","1236.28"
"80123","650.99"
"56063","232.61"
"21003","NA"
"04981","1347.98"
"85730","1255.67"
"84129","NA"
"60484","NA"
"57567","307"
"100","NA"
"85742","1249.64"
"85142","NA"
"70508","1180.93"
"59248","455.77"
"55396","197.52"
"53094","466.93"
"49418","603.44"
"54130","446.81"
"91502","1422.27"
"85757","NA"
"96706","3806.44"
"14092","902.03"
"92128","1431.1"
"85392","NA"
"78735","1148.29"
"57002","177.76"
"58852","305.94"
"58630","273.82"
"44700","NA"
"85648","1304.68"
"68023","375.1"
"22030","1124.44"
"56236","80.8"
"60521","558.52"
"54479","343.37"
"54521","363.78"
"68133","397.91"
"54436","342.87"
"54929","415.44"
"57718","368.25"
"99026","974.3"
"86427","1232.81"
"57064","235.83"
"56575","69.66"
"58731","224.02"
"53110","511.98"
"57785","367.05"
"11208","1213.33"
"57725","363.53"
"46122","708.49"
"54942","434.01"
"68107","392.56"
"54981","409.12"
"85248","1230.47"
"57356","270.08"
"59226","373.75"
"85373","1216.17"
"58438","144.64"
"80231","641.96"
"85296","1221.93"
"85206","1215.44"
"57551","351.49"
"58784","280.51"
"85322","1256.94"
"75662","1003.96"
"45027","NA"
"53121","495.39"
"85233","1220.61"
"85085","1209.45"
"80908","671.07"
"02062","1292.74"
"55959","309.39"
"58760","250.2"
"57049","298.54"
"58838","335.62"
"63011","651.42"
"57264","121.16"
"57717","373.26"
"11950","1256.84"
"53150","503.36"
"85253","1215.18"
"53190","481.91"
"58748","219.94"
"57207","NA"
"57073","267.36"
"57382","210.76"
"81521","802.66"
"85364","1356.21"
"84094","867.76"
"53105","506.5"
"44074","815.35"
"11081","NA"
"57068","226.94"
"30880","NA"
"85132","NA"
"81625","692.2"
"57756","368.03"
"9464","NA"
"92504","1398.78"
"24214","NA"
"96725","3791.09"
"89101","1197.17"
"80401","650.98"
"9627","NA"
"98053","1179.25"
"85212","1215.22"
"68111","386.79"
"92115","1443.88"
"59729","722.85"
"9021","NA"
"58792","201.53"
"54935","456.93"
"61000","NA"
"85020","1217.84"
"72903","804.75"
"95928","1344.72"
"91343","1426.41"
"0","NA"
"83201","812.33"
"60151","528.41"
"50131","388.17"
"67209","636.09"
"56297","163.64"
"56710","94.72"
"92026","1423.94"
"55031","239.06"
"55719","187.75"
"56629","165.99"
"55941","338.83"
"56207","97.42"
"56057","224.66"
"51334","256.38"
"39401","1143.58"
"63122","655.56"
"65814","689.11"
"59721","727"
"59258","386.46"
"68826","401.82"
"68028","396.85"
"68118","387.68"
"68122","382.96"
"14450","976.72"
"13350","1092.8"
"11566","1228.01"
"58227","115.31"
"58761","256.69"
"58481","90.8"
"44130","831.46"
"57075","198.05"
"57366","246.8"
"37135","915.64"
"84404","850.13"
"98057","1189.19"
"98405","1203.78"
"98388","1210.27"
"54721","274.07"
"54540","357.18"
"54738","300.02"
"53024","494.54"
"53146","498.8"
"54015","244.55"
"54555","314.11"
"9822","NA"
"55403","212.06"
"34288","1580.84"
"50212","359.17"
"54140","445.42"
"59904","821.44"
"77096","1188.96"
"80013","639.44"
"82609","541.32"
"98037","1190.08"
"59442","653.13"
"55312","187.43"
"80831","670.86"
"97223","1242.18"
"54868","257.71"
"50801","417.97"
"58021","17.64"
"55787","172.94"
"56356","128.31"
"92029","1428.48"
"53590","446.73"
"55781","185.12"
"98335","1210.77"
"58017","75.06"
"80020","633.22"
"30277","1126.79"
"54112","432.52"
"48823","664.98"
"95066","1453.71"
"55979","308.69"
"92114","1445.93"
"33993","1606.16"
"42301","796.01"
"92249","1386.15"
"56469","149.24"
